id,created_at,user_id,username,full_name,poste_label,category,action,entity_type,entity_id,entity_label,details
d634c6ae-0e4a-46fe-b03a-9b5b7a85c6e8,2026-06-22T14:32:19.358641+00:00,local-admin,admin,Administrateur,Poste local - admin.html,VENTE_MARGE,ACTIVATION,SALE_FORM,vente,Nouvelle vente - Case marge,"[{""after"":""Active"",""field"":""marge"",""label"":""Case Marge"",""before"":""Inactive""}]"
36eedba8-758d-4e70-9f2e-faa1a6995b1c,2026-06-22T14:32:19.467473+00:00,local-admin,admin,Administrateur,Poste local - admin.html,VENTE_MARGE,DESACTIVATION,SALE_FORM,vente,Nouvelle vente - Case marge,"[{""after"":""Inactive"",""field"":""marge"",""label"":""Case Marge"",""before"":""Active""}]"
e804461d-a34e-4554-9050-685463435c0a,2026-06-26T18:10:45.319939+00:00,user-1779795412431,zina,Zina,mvpara.fidsexcellence.tn,VENTE_MARGE,ACTIVATION,SALE_FORM,vente,Nouvelle vente - Case marge,"[{""after"":""Active"",""field"":""marge"",""label"":""Case Marge"",""before"":""Inactive""}]"
3fb38270-5fbe-471a-8430-f49929553082,2026-06-26T18:10:46.714704+00:00,user-1779795412431,zina,Zina,mvpara.fidsexcellence.tn,VENTE_MARGE,DESACTIVATION,SALE_FORM,vente,Nouvelle vente - Case marge,"[{""after"":""Inactive"",""field"":""marge"",""label"":""Case Marge"",""before"":""Active""}]"
41fb1c1c-56f3-443e-9907-d7aaef256b43,2026-06-27T00:22:08.401614+00:00,local-admin,admin,Administrateur,Poste local - admin.html,VENTE_MARGE,ACTIVATION,SALE_FORM,vente,Nouvelle vente - Case marge,"[{""after"":""Active"",""field"":""marge"",""label"":""Case Marge"",""before"":""Inactive""}]"
94fbbd6e-6c36-42bc-a6a7-e7f80db45727,2026-06-27T00:22:08.979145+00:00,local-admin,admin,Administrateur,Poste local - admin.html,VENTE_MARGE,DESACTIVATION,SALE_FORM,vente,Nouvelle vente - Case marge,"[{""after"":""Inactive"",""field"":""marge"",""label"":""Case Marge"",""before"":""Active""}]"
9084961a-9422-4c84-9cbf-da111233a846,2026-06-28T15:11:45.836373+00:00,local-admin,admin,Administrateur,Poste local - admin.html,VENTE_MARGE,ACTIVATION,SALE_FORM,vente,Nouvelle vente - Case marge,"[{""after"":""Active"",""field"":""marge"",""label"":""Case Marge"",""before"":""Inactive""}]"
d7b8769d-efe1-46d9-bb10-e7490a2af0f1,2026-06-28T15:11:45.881951+00:00,local-admin,admin,Administrateur,Poste local - admin.html,VENTE_MARGE,DESACTIVATION,SALE_FORM,vente,Nouvelle vente - Case marge,"[{""after"":""Inactive"",""field"":""marge"",""label"":""Case Marge"",""before"":""Active""}]"
312f33ec-de72-4ae8-9cf3-cbbbd93b395e,2026-07-01T12:58:37.495414+00:00,local-admin,admin,Administrateur,Poste local - admin.html,FICHE_ARTICLE,UPDATE,PRODUCT,d469ccab-7500-4436-99b2-2b364fc5e347,7830 3 CHENES  ACEROLA 3000MG,"[{""after"":""visage-lotion"",""field"":""web_category_slug"",""label"":""Categorie web"",""before"":""""}]"
b38bdfce-0a62-4d06-ac37-19c9f4815683,2026-07-01T12:58:47.712704+00:00,local-admin,admin,Administrateur,Poste local - admin.html,FICHE_ARTICLE,UPDATE,PRODUCT,d469ccab-7500-4436-99b2-2b364fc5e347,7830 3 CHENES  ACEROLA 3000MG,"[{""after"":""test"",""field"":""description_web"",""label"":""Description web"",""before"":""""}]"
447f0af6-2818-43c5-a415-444c4107bf1d,2026-07-01T19:03:09.869472+00:00,local-admin,admin,Administrateur,mvpara.fidsexcellence.tn,FICHE_ARTICLE,UPDATE,PRODUCT,4355603c-71aa-44a8-9d70-df1298b62e3b,9515 SVR  CLAIRIAL SERUM +CLAIRIAL SPF COFREE,"[{""after"":""https://pharma-shop.tn/31227/svr-coffret-clairial-ampoule-concentre-anti-taches-30mlclairial-cc-creme-light-spf50-40ml-offert.jpg"",""field"":""image_url"",""label"":""Image URL"",""before"":""""},{""after"":""CLAIRIAL SPF50+ 40ml | Soin anti|taches 2-en-1 qui corrige et prévient l’apparition des taches brunes. Réduit la taille des taches et améliore l'uniformité du teint dès 28 jours. Brevet Solaire SVR efficace sur les UVB + UVA + VISIBLE + INFRAROUGES."",""field"":""description_web"",""label"":""Description web"",""before"":""""},{""after"":""SVR COFFRET ANTI TACHES CLAIRIAL SERUM ET CLAIRIAL SPF50+\n\nLe Coffret SVR Clairial Duo Anti-Taches est spécialement formulé pour cibler les taches pigmentaires et unifier le teint. Ce coffret contient deux soins essentiels : l’Ampoule Éclaircissante Clairial et la Crème SPF 50+ Clairial. Ensemble, ils constituent une routine de soin complète pour atténuer les taches et protéger la peau.\n\nContenu du Coffret Clairial Duo Anti-Taches\nAmpoule Éclaircissante Clairial : Ce sérum concentré cible les taches brunes tout en éclaircissant le teint. Grâce à sa formule puissante, il agit rapidement pour unifier la peau et lui redonner de la luminosité. Sa texture légère permet une application quotidienne, sans laisser de résidus.\nCrème SPF 50+ Clairial : Cette crème protectrice offre une haute protection contre les rayons UV. Elle prévient la formation de nouvelles taches et hydrate la peau en profondeur. Sa texture non grasse s’absorbe facilement, garantissant un confort tout au long de la journée.\nCaractéristiques Principales\nAction ciblée sur les taches : L’ampoule réduit les taches brunes et illumine le teint pour un résultat visible.\nProtection solaire SPF 50+ : La crème protège contre les UV, responsables du vieillissement et de l’apparition de nouvelles taches.\nConvient aux peaux sensibles : Doux et efficaces, ces soins conviennent à tous les types de peau.\nConseils d’Utilisation\nAmpoule Clairial : Appliquez quelques gouttes chaque matin et soir sur le visage en insistant sur les zones à traiter.\nCrème SPF 50+ Clairial : Appliquez la crème chaque matin après l’ampoule, surtout avant toute exposition au soleil.\nPourquoi Choisir le Coffret SVR Clairial Duo Anti-Taches ?\nLe Coffret Clairial est idéal pour celles et ceux qui souhaitent réduire les taches pigmentaires tout en protégeant leur peau. L’ampoule éclaircit le teint et atténue les marques, tandis que la crème protège des agressions extérieures et prévient les taches futures. Ce duo vous offre un teint unifié, lumineux et protégé."",""field"":""product_specs"",""label"":""Caracteristiques"",""before"":""""}]"
f8b277e6-99a3-456a-97cf-b1b723679e32,2026-07-01T19:08:08.103572+00:00,local-admin,admin,Administrateur,mvpara.fidsexcellence.tn,FICHE_ARTICLE,UPDATE,PRODUCT,4355603c-71aa-44a8-9d70-df1298b62e3b,9515 SVR  CLAIRIAL SERUM +CLAIRIAL SPF COFREE,"[{""after"":""ecran-solaire-anti-taches"",""field"":""web_category_slug"",""label"":""Categorie web"",""before"":""""}]"
ee01b71c-6b1d-4099-a0db-150ac439223d,2026-07-01T19:12:05.214551+00:00,local-admin,admin,Administrateur,mvpara.fidsexcellence.tn,FICHE_ARTICLE,UPDATE,PRODUCT,52829f22-f653-45bc-9b7a-b8e6f68eae17,9516 SVR  COFREE SEBIACLAIRE,"[{""after"":""https://likentistore.com/cdn/shop/files/PACK-SEBIACLEAR-CREME_600x.jpg?v=1763118640"",""field"":""image_url"",""label"":""Image URL"",""before"":""""}]"
ab98c8dc-b8fc-401f-bc56-dbf7fdfe19ea,2026-07-01T19:19:46.562027+00:00,local-admin,admin,Administrateur,mvpara.fidsexcellence.tn,FICHE_ARTICLE,UPDATE,PRODUCT,52829f22-f653-45bc-9b7a-b8e6f68eae17,9516 SVR  COFREE SEBIACLAIRE,"[{""after"":""SVR SEBIACLEAR AMPOULE AZ FLASH ANTI IMPERFECTIONS 30ML\nSVR SEBIACLEAR GEL MOUSSANT 200 ML"",""field"":""description_web"",""label"":""Description web"",""before"":""""},{""after"":""creme-soin-traitant"",""field"":""web_category_slug"",""label"":""Categorie web"",""before"":""""},{""after"":""SVR SEBIACLEAR AMPOULE AZ FLASH ANTI IMPERFECTIONS 30ML\n\nSEBIACLEAR Ampoule flash c’est le nouveau soin qui agit sur tous les paramètres à l’origine des peaux à tendance acnéique pour corriger les imperfections en un temps record. Formulé à 81% d’ingrédients d’origine naturelle, avec un acide reconnu pour son efficacité et enrichi en actifs dermatologiques pour une action haute tolérance, complète et rapide \n\nSVR SEBIACLEAR CREME SOLAIRE MATIFIANTE SPF50 40ML (OFFERT)\n\nSebiaclear SPF 50 est basé sur l'association inédite de 3 systèmes d'actifs :\n\nLe système filtrant UVA/UVB large spectre et photostable, assure une haute protection efficace.\n\nLe Zinc PCA exerce une action sébo-régulatrice.\n\nInnovation : l'actif Tephrosia Purpurea réduit l'excès de sébum dû au stress.\n\nSa texture fluide, non grasse et oil-free, s'étale facilement."",""field"":""product_specs"",""label"":""Caracteristiques"",""before"":""""}]"
93e0ca9f-ab65-4133-bc4f-9a9fe378ad45,2026-07-01T21:02:05.957968+00:00,local-admin,admin,Administrateur,Poste local - admin.html,FICHE_ARTICLE,UPDATE,PRODUCT,d469ccab-7500-4436-99b2-2b364fc5e347,7830 3 CHENES  ACEROLA 3000MG,"[{""after"":""A TESTER"",""field"":""description_web"",""label"":""Description web"",""before"":""test""}]"
33bc48d4-187a-49a1-93b8-fa86dbdf9f2a,2026-07-01T21:02:44.185089+00:00,local-admin,admin,Administrateur,Poste local - admin.html,VENTE_MARGE,ACTIVATION,SALE_FORM,vente,Nouvelle vente - Case marge,"[{""after"":""Active"",""field"":""marge"",""label"":""Case Marge"",""before"":""Inactive""}]"
ae1b2f4b-8a97-4f73-b0d5-9478e815efb5,2026-07-01T21:02:45.423448+00:00,local-admin,admin,Administrateur,Poste local - admin.html,VENTE_MARGE,DESACTIVATION,SALE_FORM,vente,Nouvelle vente - Case marge,"[{""after"":""Inactive"",""field"":""marge"",""label"":""Case Marge"",""before"":""Active""}]"
bca33e8e-c9cb-4b54-a7cb-2c158a54cf3f,2026-07-01T21:02:46.323587+00:00,local-admin,admin,Administrateur,Poste local - admin.html,VENTE_MARGE,ACTIVATION,SALE_FORM,vente,Nouvelle vente - Case marge,"[{""after"":""Active"",""field"":""marge"",""label"":""Case Marge"",""before"":""Inactive""}]"
5253caa1-cd94-4d4c-8962-076aa1ed7723,2026-07-01T21:02:47.224012+00:00,local-admin,admin,Administrateur,Poste local - admin.html,VENTE_MARGE,DESACTIVATION,SALE_FORM,vente,Nouvelle vente - Case marge,"[{""after"":""Inactive"",""field"":""marge"",""label"":""Case Marge"",""before"":""Active""}]"
7cf99473-3434-4ad6-bbf1-33addf62de22,2026-07-01T21:02:47.899506+00:00,local-admin,admin,Administrateur,Poste local - admin.html,VENTE_MARGE,ACTIVATION,SALE_FORM,vente,Nouvelle vente - Case marge,"[{""after"":""Active"",""field"":""marge"",""label"":""Case Marge"",""before"":""Inactive""}]"
91383770-5a49-4767-956d-a98223c61e79,2026-07-01T21:02:48.492663+00:00,local-admin,admin,Administrateur,Poste local - admin.html,VENTE_MARGE,DESACTIVATION,SALE_FORM,vente,Nouvelle vente - Case marge,"[{""after"":""Inactive"",""field"":""marge"",""label"":""Case Marge"",""before"":""Active""}]"
9b512147-36dd-4221-a62f-97301d14a9fe,2026-07-03T08:57:04.247833+00:00,local-admin,admin,Administrateur,mvpara.fidsexcellence.tn,PRIX_ARTICLE,UPDATE,PRODUCT,dbd041de-4d52-48da-b5f3-79843e9b06ab,1967 SVR CICAVIT  GEL NET,"[{""after"":43.395,""field"":""prix_vente_ttc"",""label"":""Prix vente TTC"",""before"":43.394},{""after"":34.716,""field"":""prix_vente_web_ttc"",""label"":""Prix vente web TTC"",""before"":34.715199999999996}]"
1ff0b867-885e-430f-a49c-7963c3f7478f,2026-07-03T08:57:04.309533+00:00,local-admin,admin,Administrateur,mvpara.fidsexcellence.tn,FICHE_ARTICLE,UPDATE,PRODUCT,dbd041de-4d52-48da-b5f3-79843e9b06ab,1967 SVR CICAVIT  GEL NET,"[{""after"":""https://www.pharmasante.com/wp-content/uploads/2025/06/SVR_cicavit_gel_moussant-600x600.webp"",""field"":""image_url"",""label"":""Image URL"",""before"":""""}]"
81f51976-5b78-4bbe-bfd7-c6284320b888,2026-07-03T09:38:30.427144+00:00,local-admin,admin,Administrateur,mvpara.fidsexcellence.tn,FICHE_ARTICLE,UPDATE,PRODUCT,5fe3113e-a144-44b9-863e-328e7274abfa,9510 3 CHAINE MINCINOV CP B/60,"[{""after"":"";"",""field"":""description_web"",""label"":""Description web"",""before"":""""}]"
2817461f-d6ff-422a-afa4-fe1cb9396b34,2026-07-03T09:41:09.064829+00:00,local-admin,admin,Administrateur,mvpara.fidsexcellence.tn,PRIX_ARTICLE,UPDATE,PRODUCT,368d7b84-d195-422a-9f0f-50f79eadcc44,8941 3 CHAINE PROPOLIS NATURELLE,"[{""after"":28.116,""field"":""prix_vente_ttc"",""label"":""Prix vente TTC"",""before"":28.117},{""after"":22.4928,""field"":""prix_vente_web_ttc"",""label"":""Prix vente web TTC"",""before"":22.4936}]"
2975ca7c-1825-44c3-9c36-10cf2f9b7168,2026-07-03T09:41:09.13844+00:00,local-admin,admin,Administrateur,mvpara.fidsexcellence.tn,FICHE_ARTICLE,UPDATE,PRODUCT,368d7b84-d195-422a-9f0f-50f79eadcc44,8941 3 CHAINE PROPOLIS NATURELLE,"[{""after"":""az"",""field"":""description_web"",""label"":""Description web"",""before"":""""}]"
7c23e273-15b0-4662-8955-220fe2463748,2026-07-03T09:44:29.316347+00:00,local-admin,admin,Administrateur,mvpara.fidsexcellence.tn,FICHE_ARTICLE,UPDATE,PRODUCT,5fe3113e-a144-44b9-863e-328e7274abfa,9510 3 CHAINE MINCINOV CP B/60,"[{""after"":""aa"",""field"":""description_web"",""label"":""Description web"",""before"":"";""}]"
16d33d44-f205-44b4-b726-64fb5b50d154,2026-07-03T09:47:20.981286+00:00,local-admin,admin,Administrateur,mvpara.fidsexcellence.tn,FICHE_ARTICLE,UPDATE,PRODUCT,5fe3113e-a144-44b9-863e-328e7274abfa,9510 3 CHAINE MINCINOV CP B/60,"[{""after"":"","",""field"":""image_url"",""label"":""Image URL"",""before"":""""}]"
a950a66b-33cc-4159-8bad-2f110c762f1c,2026-07-03T09:51:04.017878+00:00,local-admin,admin,Administrateur,mvpara.fidsexcellence.tn,PRIX_ARTICLE,UPDATE,PRODUCT,1791ba60-def9-47a0-812a-d6ab71f350db,1494 3 CHÊNES HUILE ONAGRE,"[{""after"":45.612,""field"":""prix_vente_ttc"",""label"":""Prix vente TTC"",""before"":45.611},{""after"":36.4896,""field"":""prix_vente_web_ttc"",""label"":""Prix vente web TTC"",""before"":36.4888}]"
792d8bac-d863-4a01-abfb-70f3fea33c48,2026-07-03T09:51:04.099584+00:00,local-admin,admin,Administrateur,mvpara.fidsexcellence.tn,FICHE_ARTICLE,UPDATE,PRODUCT,1791ba60-def9-47a0-812a-d6ab71f350db,1494 3 CHÊNES HUILE ONAGRE,"[{""after"":""j"",""field"":""image_url"",""label"":""Image URL"",""before"":""""}]"
199fe0d8-f541-49df-8d4d-a0289582641b,2026-07-03T18:01:37.689529+00:00,local-admin,admin,Administrateur,mvpara.fidsexcellence.tn,PRIX_ARTICLE,UPDATE,PRODUCT,e3a46268-8ce0-4172-b60d-5a7ca3f01dab,4888 VITAVANS TONUS CP B20,"[{""after"":28.332,""field"":""prix_vente_ttc"",""label"":""Prix vente TTC"",""before"":28.331},{""after"":22.6656,""field"":""prix_vente_web_ttc"",""label"":""Prix vente web TTC"",""before"":22.6648}]"
21192285-e778-4016-a6c4-250b992de77f,2026-07-03T18:01:37.769244+00:00,local-admin,admin,Administrateur,mvpara.fidsexcellence.tn,FICHE_ARTICLE,UPDATE,PRODUCT,e3a46268-8ce0-4172-b60d-5a7ca3f01dab,4888 VITAVANS TONUS CP B20,"[{""after"":""VITAVANS TONUS CP B20"",""field"":""designation"",""label"":""Designation"",""before"":""VITAVANS TONUSCP B20""}]"
e816ad8b-2f80-43a6-9de8-f7010b9c8b1e,2026-07-03T18:04:07.286268+00:00,local-admin,admin,Administrateur,mvpara.fidsexcellence.tn,FICHE_ARTICLE,UPDATE,PRODUCT,e3a46268-8ce0-4172-b60d-5a7ca3f01dab,4888 VITAVANS TONUS CP B20,"[{""after"":""https://pharma-shop.tn/10938/vitavans-tonus-20-gelules.jpg"",""field"":""image_url"",""label"":""Image URL"",""before"":""""},{""after"":""VITAVANS TONUS est un complément alimentaire qui aide à réduire la fatigue physique et intellectuelle."",""field"":""description_web"",""label"":""Description web"",""before"":""""},{""after"":""vitamines"",""field"":""web_category_slug"",""label"":""Categorie web"",""before"":""""},{""after"":""VITAVANS TONUS est un complément alimentaire qui aide à réduire la fatigue physique et intellectuelle."",""field"":""product_specs"",""label"":""Caracteristiques"",""before"":""""}]"
4849bc00-5092-46bd-8c6c-25e1d09f5772,2026-07-06T09:33:50.193244+00:00,local-admin,admin,Administrateur,mvpara.fidsexcellence.tn,FICHE_ARTICLE,UPDATE,PRODUCT,5fe3113e-a144-44b9-863e-328e7274abfa,9510 3 CHAINE MINCINOV CP B/60,"[{""after"":"""",""field"":""image_url"",""label"":""Image URL"",""before"":"",""},{""after"":"""",""field"":""description_web"",""label"":""Description web"",""before"":""aa""}]"
0c1d5387-26ea-4800-b5c3-6b39d5817454,2026-07-06T09:33:56.531704+00:00,local-admin,admin,Administrateur,mvpara.fidsexcellence.tn,FICHE_ARTICLE,UPDATE,PRODUCT,368d7b84-d195-422a-9f0f-50f79eadcc44,8941 3 CHAINE PROPOLIS NATURELLE,"[{""after"":"""",""field"":""description_web"",""label"":""Description web"",""before"":""az""}]"
6b37474f-94d5-4814-9b3b-f2bbaba773c9,2026-07-06T09:34:46.042879+00:00,local-admin,admin,Administrateur,mvpara.fidsexcellence.tn,FICHE_ARTICLE,UPDATE,PRODUCT,5fe3113e-a144-44b9-863e-328e7274abfa,9510 3 CHAINE MINCINOV CP B/60,"[{""after"":""https://pharma-shop.tn/27697/3-chenes-mincinov-special-ventre-60-comprimes.jpg"",""field"":""image_url"",""label"":""Image URL"",""before"":""""},{""after"":""3 CHENES VENTR’ACTIV est un complément alimentaire visé minceur et digestion. Grâce à l association de fenouil d argile et de ferments lactiques il va lutter contre les ballonnements."",""field"":""description_web"",""label"":""Description web"",""before"":""""},{""after"":""3 CHENES VENTR’ACTIV est un complément alimentaire visé minceur et digestion. Grâce à l association de fenouil d argile et de ferments lactiques il va lutter contre les ballonnements.\n\nConseils d'utilisation :\n\n\n\nPrendre 2 comprimés de 3 CHÊNES VENTR’ACTIV 60 par jour le matin au petit déjeuner avec un verre d’eau.\n\nProgramme renouvelable plusieurs fois par an.\n\nSe conformer aux conseils d’utilisation.\n\nTenir hors de portée des jeunes enfants.\n\nDéconseillé aux enfants de moins de 12 ans.\n\nÀ utiliser dans le cadre d’une alimentation diversifiée et d’un mode de vie sain.\n\nÀ conserver à l’abri de la lumière, de la chaleur et de l’humidité.\n\nNe convient pas aux femmes enceintes et allaitantes.\n\nComposition :\n\n\n\nSTABILISANT : CELLULOSE MICROCRISTALLINE CARBONATE DE CALCIUM  FENOUIL (8,2%)  FRUCTO-OLIGOSACCHARIDES (8,2%) ; INULINE (8,2%)  ANTI-AGGLOMERANTS  STEARATE DE MAGNESIUM, CARBONATE DE MAGNESIUM  ARGILE VERTE (1,64%)."",""field"":""product_specs"",""label"":""Caracteristiques"",""before"":""""}]"
757fd14a-c6ba-499a-ada5-e014b57261f7,2026-07-06T09:35:28.301846+00:00,local-admin,admin,Administrateur,mvpara.fidsexcellence.tn,FICHE_ARTICLE,UPDATE,PRODUCT,368d7b84-d195-422a-9f0f-50f79eadcc44,8941 3 CHAINE PROPOLIS NATURELLE,"[{""after"":""https://pharma-shop.tn/25326/3-chene-propolis-20-ampoules-de-10ml.jpg"",""field"":""image_url"",""label"":""Image URL"",""before"":""""},{""after"":""Ce complément alimentaire composé de propolis en ampoules est enrichie en miel et vitamine C. La propolis est riche en oligoéléments et en vitamines ce qui contribue au bon développement du système immunitaire et à réduire la fatigue. La formule ne contient aucun conservateur et aucun arôme artificiel."",""field"":""description_web"",""label"":""Description web"",""before"":""""},{""after"":""Ce complément alimentaire composé de propolis en ampoules est enrichie en miel et vitamine C. La propolis est riche en oligoéléments et en vitamines ce qui contribue au bon développement du système immunitaire et à réduire la fatigue. La formule ne contient aucun conservateur et aucun arôme artificiel.\n\nConseils d'utilisation :\n\nDiluez chaque matin une ampoule de Propolis dans un verre d'eau ou de jus de fruits.\n\nComposition :\n\nEau, saccharose, miel (10%), jus concentré d'orange (9,08%), extrait de propolis (1%), vitamine C (0,72%), arôme naturel caramel (lactose)."",""field"":""product_specs"",""label"":""Caracteristiques"",""before"":""""}]"
d1b4c937-5e4b-4e74-b9c0-73d388a1d960,2026-07-06T09:36:09.10658+00:00,local-admin,admin,Administrateur,mvpara.fidsexcellence.tn,FICHE_ARTICLE,UPDATE,PRODUCT,c09d1a0b-8c92-4a86-9186-5f3a81d88425,7216 3 CHAINE SHAMP ORTIE ROMARIN,"[{""after"":""https://pharma-shop.tn/25326/3-chene-propolis-20-ampoules-de-10ml.jpg"",""field"":""image_url"",""label"":""Image URL"",""before"":""""},{""after"":""Ce complément alimentaire composé de propolis en ampoules est enrichie en miel et vitamine C. La propolis est riche en oligoéléments et en vitamines ce qui contribue au bon développement du système immunitaire et à réduire la fatigue. La formule ne contient aucun conservateur et aucun arôme artificiel."",""field"":""description_web"",""label"":""Description web"",""before"":""""},{""after"":""Ce complément alimentaire composé de propolis en ampoules est enrichie en miel et vitamine C. La propolis est riche en oligoéléments et en vitamines ce qui contribue au bon développement du système immunitaire et à réduire la fatigue. La formule ne contient aucun conservateur et aucun arôme artificiel.\n\nConseils d'utilisation :\n\nDiluez chaque matin une ampoule de Propolis dans un verre d'eau ou de jus de fruits.\n\nComposition :\n\nEau, saccharose, miel (10%), jus concentré d'orange (9,08%), extrait de propolis (1%), vitamine C (0,72%), arôme naturel caramel (lactose)."",""field"":""product_specs"",""label"":""Caracteristiques"",""before"":""""}]"
cd85783b-52b9-493f-a156-cea3c1e5f14a,2026-07-06T09:37:17.475884+00:00,local-admin,admin,Administrateur,mvpara.fidsexcellence.tn,FICHE_ARTICLE,UPDATE,PRODUCT,2debade6-1090-48cc-8cd8-11103ed613a7,6602 3 CHAINE TISANE BRULE-GRAISSE,"[{""after"":""https://pharma-shop.tn/26182/3-chenes-detoxlim-brule-graisse-500ml.jpg"",""field"":""image_url"",""label"":""Image URL"",""before"":""""},{""after"":""3Chênes Détoxlim confère une action ciblée sur les graisses. Sa saveur Piña Colada apporte une fraîcheur intense en plus de ses effets"",""field"":""description_web"",""label"":""Description web"",""before"":""""},{""after"":""Sa formule unique, ultra dosée en L-Carnitine et renforcée par 5 extraits de plantes et Caféine permet au Détoxlim® Brûle-Graisses d’agir efficacement sur les formes disgracieuses en brûlant les graisses et en stimulant l’amincissement.\n\nSa saveur pina-colada est son atout séduction\n\nConseil D’utilisation :\n\nPrendre 1 dose de 20ml, à l’aide du gobelet doseur, pure ou diluée dans un verre d’eau, 1 fois par jour.\n\n\nComposition :\n\nExtrait de : Cassis, kola, frêne, sureau, thé vert ; eau ; L-carnitine base ; acidifiant : acide citrique ; aromatisation : arome Pinacolada (0.40%), arome naturel (0.014%) ; conservateurs : sorbate de potassium, benzoate de sodium ; caféine anhydre ; édulcorants : sucralose, acésulfame de potassium."",""field"":""product_specs"",""label"":""Caracteristiques"",""before"":""""}]"
7bd887af-526b-4b30-b8e8-64289abcd296,2026-07-06T09:38:27.07139+00:00,local-admin,admin,Administrateur,mvpara.fidsexcellence.tn,FICHE_ARTICLE,UPDATE,PRODUCT,e941e92a-837a-4749-9451-46c93ac72c9f,7966 3 CHAINE TISANE LAXATIVE,"[{""after"":""https://mlpara.tn/9067-large_default/tisane-esth-elle-laxative.jpg"",""field"":""image_url"",""label"":""Image URL"",""before"":""""},{""after"":""La Tisane Laxative Phytokad est recommandée en cas de constipation occasionnelle (lors de changement de régime alimentaire, de voyage, d’alitement)."",""field"":""description_web"",""label"":""Description web"",""before"":""""},{""after"":""La Tisane Laxative Phytokad est recommandée en cas de constipation occasionnelle (lors de changement de régime alimentaire, de voyage, d’alitement). Composée exclusivement d’ingrédients de qualité, 100% naturelles, qui sont reconnus par leur actions laxative et aide à trouver un transit régulier.\n\nComposition:\nSéné, nopal, menthe, fenouil, réglisse, romarin.\n\nConseil d’utilisation\nDéposer un sachet dans une tasse. Y verser 200ml d’eau chaude. Laisser infuser 5 à 10 minutes. Prendre 1 à 3 tasses par jour. Prévoyez environ 4 semaines pour un sevrage complet et en douceur. Ne pas utiliser pendant la grossesse !\n\nPrécautions d’emploi\nNe pas dépasser la dose journalière recommandée. Tenir hors de portée des jeunes enfants. A utiliser dans le cadre d’une alimentation variée et d’un mode de vie sain.\n\nMême si ce produit n’est pas un médicament, pour les femmes enceintes et allaitantes, demander conseil au médecin.\n\nA conserver à l’abri de la chaleur, la lumière et l’humidité."",""field"":""product_specs"",""label"":""Caracteristiques"",""before"":""""}]"
ab78b793-e50c-492d-8f52-88afd68eefff,2026-07-06T09:40:20.289965+00:00,local-admin,admin,Administrateur,mvpara.fidsexcellence.tn,FICHE_ARTICLE,UPDATE,PRODUCT,d469ccab-7500-4436-99b2-2b364fc5e347,7830 3 CHENES  ACEROLA 3000MG,"[{""after"":""https://pharma-shop.tn/26914/3-chenes-organic-acerola-3000-14-comprimes.jpg"",""field"":""image_url"",""label"":""Image URL"",""before"":""""},{""after"":""L'Acérola, petite baie originaire d'Amérique du Sud, est naturellement 30 fois plus dosée en vitamine C naturelle que l'orange ! Anti-oxydante et tonifiante, l'Acérola vous offre le meilleur de la nature pour retrouver forme et vitalité en cas de baisse de tonus, de fatigue passagère et contribue à renforcer vos défenses naturelles."",""field"":""description_web"",""label"":""Description web"",""before"":""A TESTER""},{""after"":""Les 3 Chênes Bio Acerola Bio 3000 mg 14 comprimés est la plus dosée en Acérola Bio et la plus concentrée en Vitamine C 100% Naturelle.\n\nL'Acérola, petite baie originaire d'Amérique du Sud, est naturellement 30 fois plus dosée en vitamine C naturelle que l'orange. Anti-oxydante et tonifiante, l'Acérola vous offre le meilleur de la nature pour retrouver forme et vitalité en cas de baisse de tonus, de fatigue passagère et contribue à renforcer vos défenses naturelles.\n\nContient 2117.70 mg d'Acérola Biologique ultra concentrée en vitamine C soit 360 mg de vitamine C naturelle par comprimé.\n\nConseil d'utilisation:\n\nCroquer 1/2 comprimé en début de journée.\nIndication : Santé, vitalité.\nComposition:\n\nExtrait d'Acérola* (Maltodextrine*)(70.59%) titré à 17%de Vitamine C soit 360 mg de Vitamine C naturelle par comprimé à croquer, Maltodextrine*, Sucre de Canne*, Arôme Naturel d'Orange (Maltodextrine, Gomme Arabique)(0.75%), Anti-agglomérant, Carbonate de Magnésium lourd, Dioxyde de Silicium.\n* Ingrédients issus de l'agriculture biologique."",""field"":""product_specs"",""label"":""Caracteristiques"",""before"":""""}]"
62b4f6be-6369-4d54-83cb-3f9bf8efdbd0,2026-07-06T09:44:16.335736+00:00,local-admin,admin,Administrateur,mvpara.fidsexcellence.tn,PRIX_ARTICLE,UPDATE,PRODUCT,2a34a16f-47d2-4533-9ebb-9ca63462a6ea,3033 3 CHENES  CARBOLINE CP,"[{""after"":18.5,""field"":""prix_achat_ttc"",""label"":""Prix achat TTC"",""before"":18.499},{""after"":26.269,""field"":""prix_vente_ttc"",""label"":""Prix vente TTC"",""before"":26.27},{""after"":21.0152,""field"":""prix_vente_web_ttc"",""label"":""Prix vente web TTC"",""before"":21.016}]"
7e7fad5a-3248-4dc4-97cb-79471ec88aeb,2026-07-06T09:44:16.400221+00:00,local-admin,admin,Administrateur,mvpara.fidsexcellence.tn,FICHE_ARTICLE,UPDATE,PRODUCT,2a34a16f-47d2-4533-9ebb-9ca63462a6ea,3033 3 CHENES  CARBOLINE CP,"[{""after"":""https://www.maparatunisie.tn/wp-content/uploads/2025/01/LES-3-CHENES-Carboline-30-gelules-13984_101_1705067344.jpg"",""field"":""image_url"",""label"":""Image URL"",""before"":""""},{""after"":""Carboline Confort Digestif est un complément alimentaire proposé par les laboratoires 3 Chênes. Il est indiqué en cas de ballonnements et de gaz intestinaux."",""field"":""description_web"",""label"":""Description web"",""before"":""""},{""after"":""Carboline est un complément alimentaire à base de charbon végétal et de fenouil.\n\nComment agit Carboline Les 3 Chênes ?\n\nLe fenouil est reconnu pour contribuer à un confort digestif et pour apaiser les inconforts digestifs tels que les ballonnements.\n\nBallonnements et gaz intestinaux\nGrâce au fenouil\n\nCharbon végétal actif Bio + extrait de fenouil\n\nPosologie de Carboline gélules Les 3 Chênes\n\nPrendre 1 à 2 gélules avec un verre d’eau après les repas, dès les premiers désagréments. Ne pas dépasser 4 gélules par jour.\n\nPoids net : 10,68 g\n\nPour l’élimination et le ventre, les Laboratoires Les 3 Chênes proposent les comprimés Mincinov Ventre plat.\n\nDécouvrez tous les bienfaits du Fenouil pour la digestion.\n\nConditionnement : boîte de 30 gélules\n\nCONSEILS D’UTILISATION\n\nCe produit n’est pas un médicament, mais un complément alimentaire à base de charbon végétal et de fenouil.\n\nPrécautions d’emploi : \n\nSe conformer aux conseils d’utilisation.\nTenir hors de portée des jeunes enfants.\nDéconseillé aux enfants de moins de 12 ans.\nA utiliser dans le cadre d’une alimentation diversifiée et d’un mode de vie sain.\nConserver à l’abri de la lumière, de l’humidité et de la chaleur.\nA consommer de préférence avant la date indiquée sur la boîte.\n\nCOMPOSITION\n\nIngrédients : charbon végétal bio* (origine France) ; extrait de fenouil (origine Europe) ; anti-agglomérant : stéarate de magnésium ; gélule : gélatine.\n\n*Ingrédient issu de l’agriculture biologique\nLes parties du fenouil utilisées sont les fruits."",""field"":""product_specs"",""label"":""Caracteristiques"",""before"":""""}]"
90e1bfcf-1291-4867-b8c3-b71fb641fae7,2026-07-06T09:46:22.727935+00:00,local-admin,admin,Administrateur,mvpara.fidsexcellence.tn,PRIX_ARTICLE,UPDATE,PRODUCT,4bcdcfb9-d3de-489e-b2c7-15acb33af3c6,6331 3 CHENES  CENTIFOLIA VITAMINE E,"[{""after"":18.176,""field"":""prix_vente_ttc"",""label"":""Prix vente TTC"",""before"":18.175},{""after"":14.540799999999999,""field"":""prix_vente_web_ttc"",""label"":""Prix vente web TTC"",""before"":14.540000000000001}]"
078640c1-00f9-4785-a8d3-d44faab3e40f,2026-07-06T09:46:22.807314+00:00,local-admin,admin,Administrateur,mvpara.fidsexcellence.tn,FICHE_ARTICLE,UPDATE,PRODUCT,4bcdcfb9-d3de-489e-b2c7-15acb33af3c6,6331 3 CHENES  CENTIFOLIA VITAMINE E,"[{""after"":""https://centifoliabio.fr/8932-large_default/vitamine-e-100-naturelle-10-ml.jpg"",""field"":""image_url"",""label"":""Image URL"",""before"":""""},{""after"":""Obtenue à partir d'huile de Tournesol, la vitamine E est un ensemble de tocophérols naturels. Antioxydant naturel, elle est parfaitement adaptée à un usage cosmétique."",""field"":""description_web"",""label"":""Description web"",""before"":""""},{""after"":""La Vitamine E (ou Tocophérol) est une vitamine liposoluble (soluble dans les huiles mais pas dans l’eau). Reconnue pour ses propriétés antioxydantes et son action protectrice des membranes cellulaires, elle est utilisée pour conserver les préparations à forte teneur en huiles car elle évite leur rancissement. La vitamine E est également reconnue favoriser le maintien de l'hydratation et pour son action sur la microcirculation cutanée. Elle assure donc un rôle à la fois de conservateur et d'actif pour la peau. 100% naturelle.\nEmballage recyclable et garanti sans phtalate ni Bisphénol A. Produit non testé sur les animaux conformément au règlement cosmétique 1223/2009.\n\nIndications de dosage :\nEn tant que conservateur : le dosage recommandé est de 0,02 à 0,03% de la phase grasse (huiles et beurres) de votre préparation.\nEn tant qu'actif : le dosage recommandé est de 0,1% du total de votre préparation.\n\nLa vitamine E s'ajoute dans la préparation une fois finie et à froid. Bien mélanger pour homogénéiser."",""field"":""product_specs"",""label"":""Caracteristiques"",""before"":""""}]"
d33a0724-db76-43ae-9070-2ad5a9a01647,2026-07-06T09:53:22.205145+00:00,local-admin,admin,Administrateur,mvpara.fidsexcellence.tn,FICHE_ARTICLE,UPDATE,PRODUCT,95b2d7b7-b46a-4c97-97c5-da8fe6f6da7f,5654 3 CHENES  CHONDRO FAST,"[{""after"":""https://www.pharmacie-cap3000.com/144040-thickbox_default/3c-pharma-chondrofast-articulations-60-comprimes.jpg"",""field"":""image_url"",""label"":""Image URL"",""before"":""""},{""after"":""Chondrofast Articulations de 3C Pharma est un complément alimentaire qui favorise le confort et le bien-être articulaire"",""field"":""description_web"",""label"":""Description web"",""before"":""""},{""after"":""Chondrofast Articulations de 3C Pharma est un complément alimentaire qui favorise le confort et le bien-être articulaire.\n\n3C Pharma Chondrofast Articulations : confort et bien-être articulaire\nChondrofast de 3C Pharma est formulé à base d'ingrédients rigoureusement sélectionnés à la traçabilité maîtrisée à chaque étape de fabrication, afin d'apporter la bonne quantité d'actifs aux articulations :\n\nLe Boswellia contribue au maintien du bien-être et du confort articulaire.\nLa Chondroïtine, l'Acide Hyaluronique et la Glucosamine sont des composants naturellement présents dans les articulations.\nL'Harpagophytum, la Bromélaïne, le Citrate de potassium et le Sélénium viennent compléter cette formulation pour le confort, le bien-être et la mobilité articulaire.\nCe complexe physiologique exclusif Chondrofast est idéal pour les personnes qui souhaitent maintenir des articulations confortables ainsi qu'une bonne mobilité.\n\nPrésentation proposée par votre pharmacie en ligne : boîte de 60 comprimés.\n\nPour une action complémentaire, vous pouvez également utiliser un soin local à appliquer sur les articulations sensibles, comme le Roller Articulations Fatiguées Pranarom.\n\n Avis du pharmacien sur Chondrofast Articulations\nPrenez 3 comprimés par jour en une ou plusieurs prises avec un verre d'eau. Après un programme de 2 à 3 mois, la prise journalière peut être réduite de moitié, soit 1 à 2 comprimés par jour.\nPrécautions d'emploi : Ne pas dépasser la dose journalière recommandée. A utiliser dans le cadre d’une alimentation diversifiée et d’un mode de vie sain. Tenir hors de la portée des jeunes enfants. A conserver dans un endroit frais et sec à l'abri de la lumière. Ce produit n’est pas un médicament mais un complément alimentaire à base de plantes, de sulfate de chondroïtine, sulfate de glucosamine, de minéraux et d’acide hyaluronique."",""field"":""product_specs"",""label"":""Caracteristiques"",""before"":""""}]"
74d428f2-b39a-4696-8aef-a383076043cf,2026-07-06T10:01:30.152861+00:00,local-admin,admin,Administrateur,mvpara.fidsexcellence.tn,FICHE_ARTICLE,UPDATE,PRODUCT,8a2110d6-1494-48be-bc9a-fdf5d8174b22,3036 3 CHENES  DRAINEUR INTENSE,"[{""after"":""https://media.pharmaciedesdrakkars.com/media/images/products/w-2000-h-2000-zc-2-3-chenes-detoxlim-drainage-intense-3-chenes8-1710323915.jpg.webp"",""field"":""image_url"",""label"":""Image URL"",""before"":""""},{""after"":""Détoxlim Drainage Intense est un complément alimentaire du laboratoire des 3 Chênes sous forme de comprimés effervescents qui favorise la minceur, l'élimination et l'hydratatio"",""field"":""description_web"",""label"":""Description web"",""before"":""""},{""after"":""C'est bien connu, nous avons besoin de consommer entre 1,5 et 2 litres d’eau par jour pour rester bien hydratés. Mais tenir une détox ou simplement boire suffisamment tout au long de la journée n'est pas toujours aussi facile qu'il n'y parait...\nAccro aux sodas, boissons apéritives trop caloriques, ou simplement lassée du goût fade de l'eau, vous avez envie de vous faire plaisir tout en optimisant votre consommation d'eau, que vous savez essentielle à votre santé ?\n\nDes fruits, des plantes, et pas de sucre : la recette des pastilles effervescentes Détoxlim Drainage Intense pour aromatiser l'eau vous fera vite oublier sodas et autres boissons sucrées !\n\nUn simple comprimé dans votre verre ou votre bouteille donnera à votre eau un délicieux goût spritz ou cassis ! Une façon saine et pratique de favoriser votre consommation d’eau et encourager le drainage de votre corps...\n\n(1) Le pissenlit aide à favoriser le drainage, soutenir l’élimination rénale de l’eau et les fonctions d’élimination de l’organisme.\n(2) Le cassis est traditionnellement utilisé pour aider au contrôle du poids et pour encourager la minceur.\n \n\nConseil d'utilisation : \nFaire fondre 1 comprimé effervescent dans 500 ml d’eau. Consommer tout au long de la journée.\n\nComposition :\nSAVEUR CASSIS\n\nAGENT DE CHARGE : SORBITOL, MALTODEXTRINE ; ACIDIFIANT : ACIDE CITRIQUE ; BICARBONATE DE SODIUM ; AROME NATUREL SPRITZ (6%); EXTRAIT DE CASSIS ; EXTRAIT DE PISSENLIT ; POUDRE DE ROUCOU ; AGENT D’ENROBAGE :POLYETHYLENEGLYCOL ; EXTRAIT DE THE VERT ; EDULCORANT : GLYCOSIDES DE STEVIOL, SUCRALOSE."",""field"":""product_specs"",""label"":""Caracteristiques"",""before"":""""}]"
8b63b135-ba88-43c9-a21f-faf3b984300c,2026-07-06T10:19:37.695452+00:00,local-admin,admin,Administrateur,mvpara.fidsexcellence.tn,PRIX_ARTICLE,UPDATE,PRODUCT,aa576c74-39dc-4d65-965a-19d8f10ab416,4193 3 CHENES  MINCEUR 50,"[{""after"":12.5,""field"":""prix_achat_ttc"",""label"":""Prix achat TTC"",""before"":12.499}]"
608aa9ca-f09e-4a83-a444-5408745c2ec2,2026-07-06T10:19:37.77627+00:00,local-admin,admin,Administrateur,mvpara.fidsexcellence.tn,FICHE_ARTICLE,UPDATE,PRODUCT,aa576c74-39dc-4d65-965a-19d8f10ab416,4193 3 CHENES  MINCEUR 50,"[{""after"":""https://pharma-shop.tn/26912-home_default/3-chenes-phyto-aromicell-r-minceur-10ml20-ampoules.jpg"",""field"":""image_url"",""label"":""Image URL"",""before"":""""},{""after"":""Les 3 Chênes Phyto Aromicell'R Minceur Bio 20 Ampoules est un complément alimentaire à base de maté, pissenlit, chicorée et huile essentielle de mandarine rouge.\n\nCette innovation unique procure une double action synergique : flash, grâce à une huile essentielle et durable, grâce aux extraits de plantes."",""field"":""description_web"",""label"":""Description web"",""before"":""""},{""after"":""3 CHENES PHYTO AROMICELL’R MINCEUR BIO 20 AMPOULES X 10ML\n\n3 CHENES PHYTO AROMICELL’R MINCEUR agit en deux temps pour lutter contre les envies alimentaires et activer déstockage et élimination. La forme ampoule convient aux personnes ayant du mal à avaler comprimés ou gélules. La recherche de minceur naturelle est une indication pour les plantes et huiles essentielles.\n\nPhyto Aromicell’R bio Minceur contient :\n\nde l’huile essentielle de mandarine rouge qui aide à limiter la sensation de faim et les grignotages.\ndu maté qui accélère le métabolisme et préserve l’énergie.\nde l’extrait de racine de chicorée dont les prébiotiques participent à la régulation de l’excès de graisse.\ndu pissenlit, plante de l’élimination, de la détox et anti rétention d’eau.\n\n\nComposition : \n\nEAU ; EXTRAIT DE FEUILLE DE MATE* (ILEX PARAGUARIENSIS) ; EXTRAIT DE PARTIES AERIENNES DE PISSENLIT* (TARAXACUM OFFICINALIS) ; SIROP D’AGAVE* ; EXTRAIT DE RACINE DE CHICOREE* (CICHORIUM INTYBUS) ; HUMECTANT : GLYCERINE* ; HUILE ESSENTIELLE DE MANDARINE ROUGE* (CITRUS RETICULATA).\n\n*Ingrédients issus de l'Agriculture Biologique.\n\n\n\nConseils d'utilisation : \n\nBien agiter avant emploi.\nPrendre 1 ampoule de 3 CHÊNES PHYTO AROMICELL’R MINCEUR BIO par jour pure ou diluée dans un verre d’eau.\nSe conformer aux conseils d’utilisation.\nTenir hors de portée des jeunes enfants.\nÀ utiliser dans le cadre d’une alimentation équilibrée et d’un mode de vie sain.\nConserver à l’abri de la chaleur, de la lumière et de l’humidité.\nIl est recommandé de prendre l’attache d’un professionnel de santé avant tout usage.\nDéconseillé aux enfants de moins de 6 ans, aux femmes enceintes et allaitantes."",""field"":""product_specs"",""label"":""Caracteristiques"",""before"":""""}]"
62f13b70-cace-4ba8-811e-8c52b33a13a5,2026-07-06T10:20:31.696411+00:00,local-admin,admin,Administrateur,mvpara.fidsexcellence.tn,FICHE_ARTICLE,UPDATE,PRODUCT,305480ed-ce45-4164-ab6f-5935fd860331,3466 3 CHENES  OMEGA3,"[{""after"":""https://lestroischenes.com/wp-content/uploads/2026/03/3CH-OMEGA3-VEGETAL-3D-V002-1000X1000.png"",""field"":""image_url"",""label"":""Image URL"",""before"":""""},{""after"":""3 Chênes Oméga 3 est un complément alimentaire à base d'EPA et de DHA, des acides gras essentiels qui participent aux fonctions cardiaques et cérébrales"",""field"":""description_web"",""label"":""Description web"",""before"":""""},{""after"":""3 Chênes Oméga 3 est un complément alimentaire à base d'EPA et de DHA, des acides gras essentiels qui participent aux fonctions cardiaques et cérébrales.\n\nL'EPA (acide eicosapentaénoïque) et le DHA (acide docosahexaénoïque) sont des oméga 3 indispensables qui ne peuvent pas être produits par l'organisme, mais qui lui sont pourtant indispensables.\n\n3 Chênes Oméga 3 pour les fonctions cardiaques et cérébrales\n3 Chênes Oméga 3 Formule Renforcée est un complément alimentaire à base d'huile de poisson et de vitamine E. Les acides gras de cette formule sont idéalement équilibrés pour apporter leurs bienfaits :\n\nEPA et DHA contribuent à une fonction cardiaque normale.\nLe DHA contribue également au fonctionnement normal du cerveau.\nLa vitamine E vient compléter la formule afin de protéger les cellules contre le stress oxydatif.\n3 chênes oméga 3 végétal : haute teneur en EPA et DHA d'origine végétale\n3 Chênes Oméga 3 Végétal contient de l'algue Schizochytrium, naturellement riche en EPA et DHA. Elle est issue d'une souche de microalgues 100 % durable puisqu'elle a une capacité de production infinie à partir d'une ressource auto-réplicable. Son utilisation permet de préserver la biodiversité et les ressources marines. L'Oméga 3 Végétal 3 Chênes convient aussi aux personnes végétariennes ou vegan.\n\nA noter : L'indice TOTOX (Total oxydation) mesure le taux d'oxydation des acides gras, c'est-à-dire la qualité de l'huile utilisée. Plus cet indice est faible, plus l'huile est de qualité. L'indice TOTOX de l'Oméga 3 Végétal 3 Chênes est inférieur à 6.\n\nPrésentationsdisponible pour 3 Chênes Oméga 3 sur la pharmacie en ligne des Drakkars : Pot de 60 capsules d'Oméga 3 Végétal (Formule végétale).\n\nRetrouvez d'autres produits des laboratoires 3 Chênes sur la Pharmacie des Drakkars.\n\n Avis du pharmacien sur 3 Chênes Oméga 3\n3 Chênes Oméga 3 est un complément alimentaire destiné principalement à l'adulte.\n3 Chênes Oméga 3 : Adulte : 2 à 3 capsules par jour, le matin pendant le petit déjeuner. Enfant entre 6 et 10 ans (après avis médical de préférence) : 2 capsules par jour maximum.\n3 Chênes Oméga 3 Végétal : Adulte : 1 à 2 capsules par jour, le matin pendant le petit déjeuner. Femmes enceintes et allaitantes : 1 capsule par jour.\nPrécautions d'emploi :\nA utiliser dans le cadre d'une alimentation variée et d'un mode de vie sain.\nDéconseillé aux enfants (formule végétale).\nLes femmes enceintes et allaitantes ne doivent pas consommer plus de 450 mg/jour d'EPA et de DHA combinés.\nNe pas dépasser la dose journalière recommandée.\nTenir hors de portée des jeunes enfants.\nA conserver à l'abri de la chaleur, de la lumière et de l'humidité."",""field"":""product_specs"",""label"":""Caracteristiques"",""before"":""""}]"
e52e2516-a57f-4581-b131-a48f56949693,2026-07-06T10:21:22.890148+00:00,local-admin,admin,Administrateur,mvpara.fidsexcellence.tn,PRIX_ARTICLE,UPDATE,PRODUCT,b0de6347-fad6-425b-a338-048df78bd50d,5022 3 CHENES  PUSH UP GEL SCULPTEUR FESSIER,"[{""after"":59.639,""field"":""prix_vente_ttc"",""label"":""Prix vente TTC"",""before"":59.64},{""after"":47.711200000000005,""field"":""prix_vente_web_ttc"",""label"":""Prix vente web TTC"",""before"":47.712}]"
ea6dbeff-63ef-44d4-81d7-a50c51063981,2026-07-06T10:21:22.965009+00:00,local-admin,admin,Administrateur,mvpara.fidsexcellence.tn,FICHE_ARTICLE,UPDATE,PRODUCT,b0de6347-fad6-425b-a338-048df78bd50d,5022 3 CHENES  PUSH UP GEL SCULPTEUR FESSIER,"[{""after"":""https://www.maparatunisie.tn/wp-content/uploads/2021/05/les-3-chenes-push-up-gel-sculpteur-fessier-200-ml.jpg"",""field"":""image_url"",""label"":""Image URL"",""before"":""""},{""after"":""Les 3 Chênes Push-Up Gel Sculpteur Fessier 200 ml conçu pour favoriser le galbe du fessier et sculpter la silhouette."",""field"":""description_web"",""label"":""Description web"",""before"":""""},{""after"":""Le Gel Push Up Sculpteur Fessier, grâce à son complexe multi-actions agit sur les graisses, les vergetures, le collagène et la micro-circulation pour favoriser le galbe de votre fessier et sculpter votre silhouette.\n\nCARACTERISTIQUES\nEfficacité testée\nTesté Dermatologiquement\nSans paraben\nScientifiquement testé\nActifs efficacité testée1,2,3,4\n•    Galbe & Fermeté 69%1\n•    Collagène dermique +102%2\n•    Diminution des graisses jusqu’à 43%3\n•    Réduction des vergetures 72%4\n1 Étude réalisée par un laboratoire indépendant sur l’actif glaucine sur 13 volontaires.\n2 Stimulation de la synthèse du collagène I, étude réalisée sur l’association d’extrait d’haricots verts, de rutine et de palmitoyl oligopeptide – palmitoyl tetrapeptid-3.\n3 Étude réalisée par un laboratoire indépendant sur l’actif glaucine sur 17 volontaires.\n4 Étude réalisée sur l’association d’extrait d’haricots verts, de rutine et de palmitoyl oligopeptide – palmitoyl tetrapeptid-3.\nCe produit n’est pas un médicament mais un produit cosmétique\n\nMode d’emploi\n\nAppliquer matin et soir tout en massant le fessier de bas en haut afin de favoriser son galbe"",""field"":""product_specs"",""label"":""Caracteristiques"",""before"":""""}]"
7b732bc4-9aff-4d3a-a861-cae28e673da6,2026-07-06T10:22:02.258376+00:00,local-admin,admin,Administrateur,mvpara.fidsexcellence.tn,FICHE_ARTICLE,UPDATE,PRODUCT,1bc8431a-ab5f-48ff-a29e-a2f67981e205,3026 3 CHENES 804 COFFRET,"[{""after"":""https://www.maparatunisie.tn/wp-content/uploads/2021/05/3-chenes-804-minceur-diet-soupe-300-g-1.webp"",""field"":""image_url"",""label"":""Image URL"",""before"":""""},{""after"":""La Soupe Minceur 804 des 3 Chênes en pot de 300g reprend la recette et les vertus de la traditionnelle soupe aux choux. Cette préparation instantanée à base de légumes a été mise au point pour être utilisée dans le cadre de la phase 804."",""field"":""description_web"",""label"":""Description web"",""before"":""""},{""after"":""3Chênes Laboratoires, expert en nutrition et phytothérapie depuis plus de 20 ans, vous accompagne vers votre objectif minceur. La soupe aux choux 804, qui séduit depuis 20 ans, a été reformulée à partir d’ingrédients issus de l’agriculture biologique, minutieusement sélectionnés pour leurs apports nutritionnels et leur efficacité dans le maintien de la silhouette.\n\nUne soupe silhouette BIO, facile à préparer et gourmande, idéale pour les en-cas ou pour un complément de repas rapide et sain.\n\nRiche en protéines et en fibres pour dessiner votre silhouette !\n\nConseil d’utilisation\n\nConsommez de la soupe 804 au minimum 3 fois par jour. Mettre 5 cuillères à café de préparation pour soupe Minceur 804 dans un bol. Ajouter 40cl d’eau bouillante en remuant. Laissez reposer 3 minutes ; Votre soupe est prête ! Cette préparation est volontairement neutre afin que chacun puisse l’assaisonner à sa convenance (poivre, soja, curry, piments…).\nIndication : Régime hypocalorique.\n\nComposition\n\nMaltodextrine ; Fibres végétales ; Légumes déshydratés 16% (oignons, tomate, céleri, poivrons rouges, choux vert) ; Arômes ; Dextrose ; Sel ; Epaissisant : gomme de xanthane ; Saccharose ; Hydrolysat de protéines végétales ; Extrait de levure ; Matière grasse végétale ; Sirop de glucose ; Amidon de maïs ; Plantes aromatiques ; Exhausteur de goût : glutamate de sodium ; Emulsifiant : lécithine de tournesol ; anti-agglomérant : silice colloïdale.\nContient des traces de lécithine de soja, de gluten, de lactose, de moutarde et de céleri."",""field"":""product_specs"",""label"":""Caracteristiques"",""before"":""""}]"
05ac6e70-f293-4d4b-830b-5ff3ed171f76,2026-07-06T10:22:57.717199+00:00,local-admin,admin,Administrateur,mvpara.fidsexcellence.tn,FICHE_ARTICLE,UPDATE,PRODUCT,047c3856-0fc5-4731-aabf-27f9e450d7c9,3203 3 CHENES ACEROLA 500,"[{""after"":""https://www.maparatunisie.tn/wp-content/uploads/2024/03/LES-3-CHENES-Acerola-500-x24-comprimes-43922_101_1705067119.jpg"",""field"":""image_url"",""label"":""Image URL"",""before"":""""},{""after"":""Les 3 Chenes Acerola 500 24 Comprimes sont un complément alimentaire à base de vitamine C, avec un arôme de framboise."",""field"":""description_web"",""label"":""Description web"",""before"":""""},{""after"":""Avec 3 Chenes Acerola 500 24 Comprimes parce qu’un « coup de fatigue » n’épargne personne… Acérola 500 est un concentré de Vitamine C.\n\nTonifiante: la vitamine C contribue à réduire la fatigue et à un métabolisme énergétique normal.\nAntioxydante: la vitamine C contribue à protéger les cellules contre le stress oxydatif.\nConseils d’utilisation:\n\nUn quart de comprimé par jour apporte environ 120mg de vitamine C soit 150% des apports journaliers recommandés (AJR).\nChaque comprimé est sécable en 4 quarts.\nComposition:\n\nsaccharose, vitamine C, maltodextrine, antiagglomérants (phosphate tricalcique, stéarate de magnésium, silice), dextrose, complexe de citron et de cassis naturellement riche en bioflavonoïdes, extrait d’acérola, huiles de graines de coton, arôme framboise, poudre de cynorrhodon.\n\nNe contient ni levure, ni colorant, ni conservateur.\nAnalyse nutritionnelle pour 1 comprimé:\nvitamine C 500 mg 625% AJR*\n*AJR= apports journaliers de référence\n\nSe conformer aux conseils d’utilisation.\nTenir hors de portée des jeunes enfants.\nA utiliser dans le cadre d’une alimentation diversifiée et d’un mode de vie sain."",""field"":""product_specs"",""label"":""Caracteristiques"",""before"":""""}]"
a9c0462c-1bd6-4237-8877-11d84e864b72,2026-07-06T10:23:40.888593+00:00,local-admin,admin,Administrateur,mvpara.fidsexcellence.tn,FICHE_ARTICLE,UPDATE,PRODUCT,1cb985b7-3206-46fa-92a7-63ec2206dc67,8942 3 CHÊNES ANTI EAU CP B30,"[{""after"":""https://pharma-shop.tn/29784/3-chenes-anti-eau-desinfiltrant-et-amincissant-30-comprimes.jpg"",""field"":""image_url"",""label"":""Image URL"",""before"":""""},{""after"":""Les 3 Chênes Anti Eau Désinfiltrant et Amincissant 30 Comprimés favorise l'élimination de l'excès d'eau et diminue la sensation de gonflement."",""field"":""description_web"",""label"":""Description web"",""before"":""""},{""after"":""Les 3 Chênes Anti Eau Désinfiltrant et Amincissant 30 Comprimés favorise l'élimination de l'excès d'eau et diminue la sensation de gonflement.\n\nIl aide naturellement à dégonfler votre silhouette en activant les fonctions d'élimination, en désinfiltrant les tissus et en déclenchant le processus de diurèse.\nLes tissus sont désengorgés, la silhouette affinée et embellie.\n\nConseils d'utilisation :\n\nPrendre 2 comprimés par jour, avec un verre d'eau le matin. Programme de 15 jours renouvelable. Indication : Excès d'eau, gonflement.\nComposition Stabilisant : Cellulose Microcristalline, Extrait de Reine des Prés (Maltodextrine) (9.1%), Extrait de Bruyère (Maltodextrine) (9.1%), Extrait de Frêne (Maltodextrine) (7.3%), Artichaut (7.3%), Extrait de Guarana (Caféine, Maltodextrine) (1.8%), Extrait de Radis Noir (Stabilisant : Gomme Arabique, Maltodextrine) (1.8%); Anti-Agglomérants : Silice et Stéarate de Magnésium."",""field"":""product_specs"",""label"":""Caracteristiques"",""before"":""""}]"
333adfe1-26f4-4427-aef0-0f03c72b4470,2026-07-06T10:26:07.414716+00:00,local-admin,admin,Administrateur,mvpara.fidsexcellence.tn,FICHE_ARTICLE,UPDATE,PRODUCT,cf40e410-1ccc-4d25-b9c6-d19a22202172,3031 3 CHENES ASTHEPLES,"[{""after"":""https://lestroischenes.com/wp-content/uploads/2021/09/3CP-ASTHEPLEX-ETUI-V010-3D.png"",""field"":""image_url"",""label"":""Image URL"",""before"":""""},{""after"":""Le complément alimentaire 3 Chenes Astheplex aide à traverser les périodes de fatigue intense. Sa formulation riche en acides aminés essentiels soutient l'organisme face aux baisses de tonus passagères. Le fer organique participe au maintien de votre énergie optimale au quotidien. Cet apport nutritionnel favorise la vitalité pour retrouver un meilleur équilibre physique."",""field"":""description_web"",""label"":""Description web"",""before"":""""}]"
2198965a-f7a1-4be9-83c8-72dd95461a42,2026-07-06T10:26:42.54606+00:00,local-admin,admin,Administrateur,mvpara.fidsexcellence.tn,SUPPRESSION_ARTICLE,DELETE,PRODUCT,df61715f-fb94-46bf-a6b6-50d31347f580,1437 3 CHÊNES ANTI-EAU,"[{""after"":"""",""field"":""code_article"",""label"":""Code article"",""before"":""1437""},{""after"":"""",""field"":""designation"",""label"":""Designation"",""before"":""3 CHÊNES ANTI-EAU""},{""after"":"""",""field"":""prix_vente_ttc"",""label"":""Prix vente TTC"",""before"":31.595},{""after"":"""",""field"":""prix_achat_ht"",""label"":""Prix achat HT"",""before"":18.856}]"
f9ca6f14-55dc-4728-863f-501f60549557,2026-07-06T10:27:47.632824+00:00,local-admin,admin,Administrateur,mvpara.fidsexcellence.tn,FICHE_ARTICLE,UPDATE,PRODUCT,cf40e410-1ccc-4d25-b9c6-d19a22202172,3031 3 CHENES ASTHEPLES,"[{""after"":""Certaines périodes de l'année sont plus difficiles et la fatigue s'installe. Il faut agir avant de tomber plus bas pour maintenir son niveau d'énergie optimum au quotidien. Les acides aminés sont les molécules spécifiques et essentielles du monde vivant : sans acides aminés, il n'y a pas de vie possible !\n- chacune de nos cellules est constituée d'acides aminés ou amino acides qui constituent les protéines de structure\n- chacune de nos cellules ne peut vivre, « fonctionner » correctement sans ces acides aminés (ou amino acides) qui constituent les protéines de fonction.\nCes amino acides interviennent dans les voies métaboliques énergétiques pour un fonctionnement optimum au quotidien."",""field"":""product_specs"",""label"":""Caracteristiques"",""before"":""""}]"
c7655220-913d-4d24-99a1-32a14bdc666e,2026-07-06T10:29:43.802295+00:00,local-admin,admin,Administrateur,mvpara.fidsexcellence.tn,SUPPRESSION_ARTICLE,DELETE,PRODUCT,368d7b84-d195-422a-9f0f-50f79eadcc44,8941 3 CHAINE PROPOLIS NATURELLE,"[{""after"":"""",""field"":""code_article"",""label"":""Code article"",""before"":""8941""},{""after"":"""",""field"":""designation"",""label"":""Designation"",""before"":""3 CHAINE PROPOLIS NATURELLE""},{""after"":"""",""field"":""prix_vente_ttc"",""label"":""Prix vente TTC"",""before"":28.116},{""after"":"""",""field"":""prix_achat_ht"",""label"":""Prix achat HT"",""before"":16.639}]"
4f235e9e-7d33-4f71-9b72-badbb998751a,2026-07-06T10:30:31.128872+00:00,local-admin,admin,Administrateur,mvpara.fidsexcellence.tn,SUPPRESSION_ARTICLE,DELETE,PRODUCT,2debade6-1090-48cc-8cd8-11103ed613a7,6602 3 CHAINE TISANE BRULE-GRAISSE,"[{""after"":"""",""field"":""code_article"",""label"":""Code article"",""before"":""6602""},{""after"":"""",""field"":""designation"",""label"":""Designation"",""before"":""3 CHAINE TISANE BRULE-GRAISSE""},{""after"":"""",""field"":""prix_vente_ttc"",""label"":""Prix vente TTC"",""before"":21.3},{""after"":"""",""field"":""prix_achat_ht"",""label"":""Prix achat HT"",""before"":12.605}]"
15ada377-5a80-4f4f-a835-722c41868756,2026-07-06T10:31:51.819556+00:00,local-admin,admin,Administrateur,mvpara.fidsexcellence.tn,SUPPRESSION_ARTICLE,DELETE,PRODUCT,95b2d7b7-b46a-4c97-97c5-da8fe6f6da7f,5654 3 CHENES  CHONDRO FAST,"[{""after"":"""",""field"":""code_article"",""label"":""Code article"",""before"":""5654""},{""after"":"""",""field"":""designation"",""label"":""Designation"",""before"":""3 CHENES  CHONDRO FAST""},{""after"":"""",""field"":""prix_vente_ttc"",""label"":""Prix vente TTC"",""before"":37.176},{""after"":"""",""field"":""prix_achat_ht"",""label"":""Prix achat HT"",""before"":22}]"
9756dd21-ad8d-47d9-a98b-5677ac93b279,2026-07-06T10:32:15.563827+00:00,local-admin,admin,Administrateur,mvpara.fidsexcellence.tn,SUPPRESSION_ARTICLE,DELETE,PRODUCT,8a2110d6-1494-48be-bc9a-fdf5d8174b22,3036 3 CHENES  DRAINEUR INTENSE,"[{""after"":"""",""field"":""code_article"",""label"":""Code article"",""before"":""3036""},{""after"":"""",""field"":""designation"",""label"":""Designation"",""before"":""3 CHENES  DRAINEUR INTENSE""},{""after"":"""",""field"":""prix_vente_ttc"",""label"":""Prix vente TTC"",""before"":30.389},{""after"":"""",""field"":""prix_achat_ht"",""label"":""Prix achat HT"",""before"":18.136}]"
5b584372-6828-4ac9-9c1b-ac0f23731747,2026-07-06T10:32:27.039389+00:00,local-admin,admin,Administrateur,mvpara.fidsexcellence.tn,SUPPRESSION_ARTICLE,DELETE,PRODUCT,4bcdcfb9-d3de-489e-b2c7-15acb33af3c6,6331 3 CHENES  CENTIFOLIA VITAMINE E,"[{""after"":"""",""field"":""code_article"",""label"":""Code article"",""before"":""6331""},{""after"":"""",""field"":""designation"",""label"":""Designation"",""before"":""3 CHENES  CENTIFOLIA VITAMINE E""},{""after"":"""",""field"":""prix_vente_ttc"",""label"":""Prix vente TTC"",""before"":18.176},{""after"":"""",""field"":""prix_achat_ht"",""label"":""Prix achat HT"",""before"":10.847}]"
69e7b2d3-5469-491f-8b56-607a3682d10f,2026-07-06T10:32:38.661452+00:00,local-admin,admin,Administrateur,mvpara.fidsexcellence.tn,SUPPRESSION_ARTICLE,DELETE,PRODUCT,aa576c74-39dc-4d65-965a-19d8f10ab416,4193 3 CHENES  MINCEUR 50,"[{""after"":"""",""field"":""code_article"",""label"":""Code article"",""before"":""4193""},{""after"":"""",""field"":""designation"",""label"":""Designation"",""before"":""3 CHENES  MINCEUR 50""},{""after"":"""",""field"":""prix_vente_ttc"",""label"":""Prix vente TTC"",""before"":17.75},{""after"":"""",""field"":""prix_achat_ht"",""label"":""Prix achat HT"",""before"":10.593}]"
2252eb5c-8067-4015-b2d9-e5881a5b2996,2026-07-06T10:32:47.096492+00:00,local-admin,admin,Administrateur,mvpara.fidsexcellence.tn,SUPPRESSION_ARTICLE,DELETE,PRODUCT,b0de6347-fad6-425b-a338-048df78bd50d,5022 3 CHENES  PUSH UP GEL SCULPTEUR FESSIER,"[{""after"":"""",""field"":""code_article"",""label"":""Code article"",""before"":""5022""},{""after"":"""",""field"":""designation"",""label"":""Designation"",""before"":""3 CHENES  PUSH UP GEL SCULPTEUR FESSIER""},{""after"":"""",""field"":""prix_vente_ttc"",""label"":""Prix vente TTC"",""before"":59.639},{""after"":"""",""field"":""prix_achat_ht"",""label"":""Prix achat HT"",""before"":35.294}]"
39cdff48-4222-4739-8820-d356b4d7ad03,2026-07-06T10:33:22.280816+00:00,local-admin,admin,Administrateur,mvpara.fidsexcellence.tn,SUPPRESSION_ARTICLE,DELETE,PRODUCT,cf40e410-1ccc-4d25-b9c6-d19a22202172,3031 3 CHENES ASTHEPLES,"[{""after"":"""",""field"":""code_article"",""label"":""Code article"",""before"":""3031""},{""after"":"""",""field"":""designation"",""label"":""Designation"",""before"":""3 CHENES ASTHEPLES""},{""after"":"""",""field"":""prix_vente_ttc"",""label"":""Prix vente TTC"",""before"":49.7},{""after"":"""",""field"":""prix_achat_ht"",""label"":""Prix achat HT"",""before"":29.412}]"
7489372b-6840-4c45-875e-a1144a36b17d,2026-07-06T10:34:57.504117+00:00,local-admin,admin,Administrateur,mvpara.fidsexcellence.tn,SUPPRESSION_ARTICLE,DELETE,PRODUCT,25e2f372-66c3-42fa-9377-33ee366fd5bd,3675 3 CHENES ASTHEPLEX,"[{""after"":"""",""field"":""code_article"",""label"":""Code article"",""before"":""3675""},{""after"":"""",""field"":""designation"",""label"":""Designation"",""before"":""3 CHENES ASTHEPLEX""},{""after"":"""",""field"":""prix_vente_ttc"",""label"":""Prix vente TTC"",""before"":41.642},{""after"":"""",""field"":""prix_achat_ht"",""label"":""Prix achat HT"",""before"":24.852}]"
6284b72a-2619-4253-bdee-e5be175f82c6,2026-07-06T10:35:12.584475+00:00,local-admin,admin,Administrateur,mvpara.fidsexcellence.tn,SUPPRESSION_ARTICLE,DELETE,PRODUCT,bbe3e834-7c4d-413e-85da-84636033bd76,3028 3 CHENES BB CREME 5ACTION 01BEIGE CLAIRE LUMIERE,"[{""after"":"""",""field"":""code_article"",""label"":""Code article"",""before"":""3028""},{""after"":"""",""field"":""designation"",""label"":""Designation"",""before"":""3 CHENES BB CREME 5ACTION 01BEIGE CLAIRE LUMIERE""},{""after"":"""",""field"":""prix_vente_ttc"",""label"":""Prix vente TTC"",""before"":42.6},{""after"":"""",""field"":""prix_achat_ht"",""label"":""Prix achat HT"",""before"":25.424}]"
e266bca5-1f27-4133-87ef-b7d633298105,2026-07-06T10:35:24.210072+00:00,local-admin,admin,Administrateur,mvpara.fidsexcellence.tn,SUPPRESSION_ARTICLE,DELETE,PRODUCT,02709872-b881-4300-ac0d-bc1c23a6457a,1716 3 CHÊNES BIO MINCEUR CAFE VERT,"[{""after"":"""",""field"":""code_article"",""label"":""Code article"",""before"":""1716""},{""after"":"""",""field"":""designation"",""label"":""Designation"",""before"":""3 CHÊNES BIO MINCEUR CAFE VERT""},{""after"":"""",""field"":""prix_vente_ttc"",""label"":""Prix vente TTC"",""before"":33.512},{""after"":"""",""field"":""prix_achat_ht"",""label"":""Prix achat HT"",""before"":20}]"
2854735d-d484-4605-aa96-cdfb1758a9e2,2026-07-06T10:35:27.218649+00:00,local-admin,admin,Administrateur,mvpara.fidsexcellence.tn,SUPPRESSION_ARTICLE,DELETE,PRODUCT,6d30fac6-01b3-4d3a-acd5-cb4e1b070a58,1720 3 CHÊNES BIO MINCEUR GUARANA,"[{""after"":"""",""field"":""code_article"",""label"":""Code article"",""before"":""1720""},{""after"":"""",""field"":""designation"",""label"":""Designation"",""before"":""3 CHÊNES BIO MINCEUR GUARANA""},{""after"":"""",""field"":""prix_vente_ttc"",""label"":""Prix vente TTC"",""before"":44.02},{""after"":"""",""field"":""prix_achat_ht"",""label"":""Prix achat HT"",""before"":26.271}]"
f25f27bc-9055-4ee7-ad23-5c0a64da0512,2026-07-06T10:35:32.130448+00:00,local-admin,admin,Administrateur,mvpara.fidsexcellence.tn,SUPPRESSION_ARTICLE,DELETE,PRODUCT,07327f3e-81ce-4c2a-911d-a868d5d54315,3027 3 CHENES BOOSTER4,"[{""after"":"""",""field"":""code_article"",""label"":""Code article"",""before"":""3027""},{""after"":"""",""field"":""designation"",""label"":""Designation"",""before"":""3 CHENES BOOSTER4""},{""after"":"""",""field"":""prix_vente_ttc"",""label"":""Prix vente TTC"",""before"":63.9},{""after"":"""",""field"":""prix_achat_ht"",""label"":""Prix achat HT"",""before"":37.815}]"
894555e7-d16e-478c-8670-b36169b71f54,2026-07-06T10:35:40.741476+00:00,local-admin,admin,Administrateur,mvpara.fidsexcellence.tn,SUPPRESSION_ARTICLE,DELETE,PRODUCT,4ee2a106-6472-4e18-8177-c1d5ce3963f5,4215 3 CHÊNES BRULE GRAISSES DIST,"[{""after"":"""",""field"":""code_article"",""label"":""Code article"",""before"":""4215""},{""after"":"""",""field"":""designation"",""label"":""Designation"",""before"":""3 CHÊNES BRULE GRAISSES DIST""},{""after"":"""",""field"":""prix_vente_ttc"",""label"":""Prix vente TTC"",""before"":17.75},{""after"":"""",""field"":""prix_achat_ht"",""label"":""Prix achat HT"",""before"":10.593}]"
4f0b8b2f-8e02-4323-be5c-0e6e47d42983,2026-07-06T10:35:56.216899+00:00,local-admin,admin,Administrateur,mvpara.fidsexcellence.tn,SUPPRESSION_ARTICLE,DELETE,PRODUCT,73e3efe6-be03-4861-830b-9aac3876bdc7,1442 3 CHÊNES CAPILL'R,"[{""after"":"""",""field"":""code_article"",""label"":""Code article"",""before"":""1442""},{""after"":"""",""field"":""designation"",""label"":""Designation"",""before"":""3 CHÊNES CAPILL'R""},{""after"":"""",""field"":""prix_vente_ttc"",""label"":""Prix vente TTC"",""before"":24.424},{""after"":"""",""field"":""prix_achat_ht"",""label"":""Prix achat HT"",""before"":14.576}]"
8bbf75e0-903e-4239-9911-f49cae38ba2f,2026-07-06T10:35:59.724644+00:00,local-admin,admin,Administrateur,mvpara.fidsexcellence.tn,SUPPRESSION_ARTICLE,DELETE,PRODUCT,0444f964-3d91-475e-a262-e7eae2d58fb6,11120 3 CHENES CAPILL*R CP B/30,"[{""after"":"""",""field"":""code_article"",""label"":""Code article"",""before"":""11120""},{""after"":"""",""field"":""designation"",""label"":""Designation"",""before"":""3 CHENES CAPILL*R CP B/30""},{""after"":"""",""field"":""prix_vente_ttc"",""label"":""Prix vente TTC"",""before"":44.019},{""after"":"""",""field"":""prix_achat_ht"",""label"":""Prix achat HT"",""before"":26.05}]"
55a056e3-b598-4c3d-9df6-6fcf4f16c1c6,2026-07-06T10:36:06.311522+00:00,local-admin,admin,Administrateur,mvpara.fidsexcellence.tn,SUPPRESSION_ARTICLE,DELETE,PRODUCT,4bd91ca5-2279-4983-9e5b-64d931060198,1439 3 CHÊNES CIRCULATION PHYTO,"[{""after"":"""",""field"":""code_article"",""label"":""Code article"",""before"":""1439""},{""after"":"""",""field"":""designation"",""label"":""Designation"",""before"":""3 CHÊNES CIRCULATION PHYTO""},{""after"":"""",""field"":""prix_vente_ttc"",""label"":""Prix vente TTC"",""before"":15.905},{""after"":"""",""field"":""prix_achat_ht"",""label"":""Prix achat HT"",""before"":9.492}]"
03fe7403-2670-425a-8d2d-fbed3cda37ce,2026-07-06T10:36:30.215086+00:00,local-admin,admin,Administrateur,mvpara.fidsexcellence.tn,SUPPRESSION_ARTICLE,DELETE,PRODUCT,4f9e3ca8-2e5c-41c4-aa22-c0c48455aeee,4213 3 CHÊNES DETOX CELLULIE 5 ACTION,"[{""after"":"""",""field"":""code_article"",""label"":""Code article"",""before"":""4213""},{""after"":"""",""field"":""designation"",""label"":""Designation"",""before"":""3 CHÊNES DETOX CELLULIE 5 ACTION""},{""after"":"""",""field"":""prix_vente_ttc"",""label"":""Prix vente TTC"",""before"":35.499},{""after"":"""",""field"":""prix_achat_ht"",""label"":""Prix achat HT"",""before"":21.186}]"
9f19311c-32ea-4d32-b391-93975491346c,2026-07-06T10:36:36.405879+00:00,local-admin,admin,Administrateur,mvpara.fidsexcellence.tn,SUPPRESSION_ARTICLE,DELETE,PRODUCT,83215799-51e0-4761-a9ab-de1b2fffd84c,1824 3 CHÊNES DETOX LIM DRAINEUR,"[{""after"":"""",""field"":""code_article"",""label"":""Code article"",""before"":""1824""},{""after"":"""",""field"":""designation"",""label"":""Designation"",""before"":""3 CHÊNES DETOX LIM DRAINEUR""},{""after"":"""",""field"":""prix_vente_ttc"",""label"":""Prix vente TTC"",""before"":49.7},{""after"":"""",""field"":""prix_achat_ht"",""label"":""Prix achat HT"",""before"":29.412}]"
a980928d-a174-4283-b2e3-4cee3b170734,2026-07-06T10:36:44.113178+00:00,local-admin,admin,Administrateur,mvpara.fidsexcellence.tn,SUPPRESSION_ARTICLE,DELETE,PRODUCT,45ec2ad1-2ceb-4abe-8fc2-7e685c450067,1453 3 CHÊNES FOIE ARTICHAUT EXTRA FORT,"[{""after"":"""",""field"":""code_article"",""label"":""Code article"",""before"":""1453""},{""after"":"""",""field"":""designation"",""label"":""Designation"",""before"":""3 CHÊNES FOIE ARTICHAUT EXTRA FORT""},{""after"":"""",""field"":""prix_vente_ttc"",""label"":""Prix vente TTC"",""before"":60.776},{""after"":"""",""field"":""prix_achat_ht"",""label"":""Prix achat HT"",""before"":36.271}]"
515a8fb7-0b1b-497b-ba6d-b0ceb8663884,2026-07-06T10:37:10.028672+00:00,local-admin,admin,Administrateur,mvpara.fidsexcellence.tn,SUPPRESSION_ARTICLE,DELETE,PRODUCT,67d0693d-e626-4b7e-9f71-b010fa515083,3042 3 CHENES GEL OSTEOPHYTUM,"[{""after"":"""",""field"":""code_article"",""label"":""Code article"",""before"":""3042""},{""after"":"""",""field"":""designation"",""label"":""Designation"",""before"":""3 CHENES GEL OSTEOPHYTUM""},{""after"":"""",""field"":""prix_vente_ttc"",""label"":""Prix vente TTC"",""before"":42.351},{""after"":"""",""field"":""prix_achat_ht"",""label"":""Prix achat HT"",""before"":25.063}]"
59fa2a1f-0e3c-4153-97fb-83d640aed5c6,2026-07-06T10:37:18.614331+00:00,local-admin,admin,Administrateur,mvpara.fidsexcellence.tn,SUPPRESSION_ARTICLE,DELETE,PRODUCT,b24ae8fc-5e9a-4a96-96a7-3ab5e1c4e4c4,4214 3 CHENES EXPRESS  MINCEUR 500ML,"[{""after"":"""",""field"":""code_article"",""label"":""Code article"",""before"":""4214""},{""after"":"""",""field"":""designation"",""label"":""Designation"",""before"":""3 CHENES EXPRESS  MINCEUR 500ML""},{""after"":"""",""field"":""prix_vente_ttc"",""label"":""Prix vente TTC"",""before"":34.08},{""after"":"""",""field"":""prix_achat_ht"",""label"":""Prix achat HT"",""before"":20.339}]"
6d6d9ef8-1057-465e-a5dd-1afdc23395f7,2026-07-06T10:37:38.516669+00:00,local-admin,admin,Administrateur,mvpara.fidsexcellence.tn,SUPPRESSION_ARTICLE,DELETE,PRODUCT,de64ca4d-5ff5-4b44-b8f4-4487955818a5,1719 3 CHÊNES GELEE ROYALE,"[{""after"":"""",""field"":""code_article"",""label"":""Code article"",""before"":""1719""},{""after"":"""",""field"":""designation"",""label"":""Designation"",""before"":""3 CHÊNES GELEE ROYALE""},{""after"":"""",""field"":""prix_vente_ttc"",""label"":""Prix vente TTC"",""before"":49.913},{""after"":"""",""field"":""prix_achat_ht"",""label"":""Prix achat HT"",""before"":29.788}]"
f648f7e4-f803-46e8-b76a-957e104b25ce,2026-07-06T10:41:53.51278+00:00,local-admin,admin,Administrateur,mvpara.fidsexcellence.tn,SUPPRESSION_ARTICLE,DELETE,PRODUCT,552f3c44-3eb9-4cea-a475-4563d8848257,5772 3 CHENES SPIRULINE,"[{""after"":"""",""field"":""code_article"",""label"":""Code article"",""before"":""5772""},{""after"":"""",""field"":""designation"",""label"":""Designation"",""before"":""3 CHENES SPIRULINE""},{""after"":"""",""field"":""prix_vente_ttc"",""label"":""Prix vente TTC"",""before"":33.37},{""after"":"""",""field"":""prix_achat_ht"",""label"":""Prix achat HT"",""before"":19.915}]"